<?xml version="1.0" encoding="UTF-8"?>
<teamcity-plugin xmlns:xsi="http://www.w3.org/2001/XMLSchema-instance" xsi:noNamespaceSchemaLocation="urn:shemas-jetbrains-com:teamcity-plugin-v1-xml">
  <info>
    <name>dotTracePlugin</name>
    <display-name>dotTracePlugin</display-name>
    <version>0.9.1</version>
    <description>Helps prevent performance regression by profiling integration tests on a CI server</description>
    <download-url>https://github.com/DarthWeirdo/dotTraceCI/releases</download-url>
    <email>Alexey.Totin@jetbrains.com</email>
    <vendor>
      <name>Alexey Totin</name>
      <!--<url>Plugin vendor URL</url>-->
      <!--<logo>Plugin vendor logo URL</logo>-->
    </vendor>
  </info>
  <deployment use-separate-classloader="true" />
</teamcity-plugin>
